<?xml version='1.0' encoding='UTF-8'?>
<types:mule xmlns:types="http://www.mulesoft.org/schema/mule/types">
  <types:catalog>
    <types:type name="success-response" format="json">
      <types:shape format="weave" example="examples/success-response.json"><![CDATA[%dw 2.0

type success_response = {|
  status: Number {"typeId": "int"}, 
  message: String
|} {"example": "{\\\"status\\\":200,\\\"message\\\":\\\"Success\\\"}"}

]]></types:shape>
    </types:type>
    <types:type name="update-employee-response" format="xml">
      <types:example format="xml" element="response" location="examples/update-employee-response.xml"/>
    </types:type>
    <types:type name="get-employees-response" format="json">
      <types:shape format="weave" example="examples/get-employees-response.json"><![CDATA[%dw 2.0

type get_employees_response = Array<{|  employeeID: Number {"typeId": "int"},   employeeName: String,   employeeStatus: String|}> {"example": "[{\\\"employeeID\\\":100,\\\"employeeName\\\":\\\"Chinna\\\",\\\"employeeStatus\\\":\\\"A\\\"},{\\\"employeeID\\\":101,\\\"employeeName\\\":\\\"John\\\",\\\"employeeStatus\\\":\\\"A\\\"}]"}

]]></types:shape>
    </types:type>
  </types:catalog>
  <types:enrichment select="#8e933bd4-fdd8-4334-8c03-46337b343f2f">
    <types:processor-declaration>
      <types:output-event>
        <types:message>
          <types:payload type="success-response"/>
        </types:message>
      </types:output-event>
    </types:processor-declaration>
  </types:enrichment>
  <types:enrichment select="#0445309a-b038-4ef3-9bd9-22dc266680c5">
    <types:processor-declaration>
      <types:output-event>
        <types:message>
          <types:payload type="get-employees-response"/>
        </types:message>
      </types:output-event>
    </types:processor-declaration>
  </types:enrichment>
</types:mule>