<?xml version="1.0" encoding="UTF-8"?>

<mule xmlns:ee="http://www.mulesoft.org/schema/mule/ee/core" xmlns="http://www.mulesoft.org/schema/mule/core"
	xmlns:doc="http://www.mulesoft.org/schema/mule/documentation"
	xmlns:xsi="http://www.w3.org/2001/XMLSchema-instance" xsi:schemaLocation="http://www.mulesoft.org/schema/mule/core http://www.mulesoft.org/schema/mule/core/current/mule.xsd
http://www.mulesoft.org/schema/mule/ee/core http://www.mulesoft.org/schema/mule/ee/core/current/mule-ee.xsd">
	<flow name="dw-datatypes-varaiblesFlow" doc:id="9fde3693-e3f6-43fa-a159-116da43ed648" >
		<ee:transform doc:name="Create Pre Defined Variables" doc:id="c1b2fbb7-e8e9-4717-a90b-a534128df4f5" >
			<ee:message >
				<ee:set-payload ><![CDATA[%dw 2.0
output application/json

var emp = {
	"empID": 36763,
	"empName": "Chinna",
	"empStatus": "A"
}
---
{
	name: emp.empName,
	salary: 2342 as Number,
	employeeID: emp.empID,
	empStatus: emp.empStatus
}]]></ee:set-payload>
			</ee:message>
		</ee:transform>
	</flow>
</mule>
