<?xml version="1.0" encoding="UTF-8"?>

<mule xmlns:ee="http://www.mulesoft.org/schema/mule/ee/core" xmlns="http://www.mulesoft.org/schema/mule/core"
	xmlns:doc="http://www.mulesoft.org/schema/mule/documentation"
	xmlns:xsi="http://www.w3.org/2001/XMLSchema-instance" xsi:schemaLocation="http://www.mulesoft.org/schema/mule/core http://www.mulesoft.org/schema/mule/core/current/mule.xsd
http://www.mulesoft.org/schema/mule/ee/core http://www.mulesoft.org/schema/mule/ee/core/current/mule-ee.xsd">
	<flow name="tempFlow" doc:id="f82d7f5b-0914-444e-bb8f-73293a329729" >
		<ee:transform doc:name="Rarely Used Date Coercion" doc:id="22ccb4fb-d894-42b0-90d2-40641db6eef2" >
			<ee:message >
				<ee:set-payload ><![CDATA[%dw 2.0
output application/json
var empList = [{
	"empID": "76868",
	"empName": "Chinna",
	"empStatus": "A"
},
{
	"empID": "76867",
	"empName": "John",
	"empStatus": "A"
},
{
	"empID": "76866",
	"empName": "Mark",
	"empStatus": "A"
},
{
	"empID": "76865",
	"empName": "Stephen",
	"empStatus": "A"
}]
---
empList map {
	"employeeID": $.empID
} filter($.employeeID == "76868")
]]></ee:set-payload>
			</ee:message>
		</ee:transform>
	</flow>
</mule>
